"DESCRIPTION","DURATION IN MS","NAME","PARENT SUITE","START TIME","STATUS","STOP TIME","SUB SUITE","SUITE","TEST CLASS","TEST METHOD"
"","92","Нельзя авторизоваться без логина","tests","2026-09-29","passed","2026-09-29","TestLoginCourier","test_login_courier","",""
"","82","Курьер может авторизоваться","tests","2026-09-29","passed","2026-09-29","TestLoginCourier","test_login_courier","",""
"","81","Ошибка при неверном логине","tests","2026-09-29","passed","2026-09-29","TestLoginCourier","test_login_courier","",""
"","100","Ошибка при авторизации под несуществующим пользователем","tests","2026-09-29","passed","2026-09-29","TestLoginCourier","test_login_courier","",""
"","75","Создание заказа с разными вариантами цвета","tests","2026-09-29","passed","2026-09-29","TestCreateOrder","test_create_order","",""
"","76","Создание заказа с разными вариантами цвета","tests","2026-09-29","passed","2026-09-29","TestCreateOrder","test_create_order","",""
"","85","Нельзя создать двух одинаковых курьеров","tests","2026-09-29","passed","2026-09-29","TestCreateCourier","test_create_courier","",""
"","14359","Получение списка заказов","tests","2026-09-29","passed","2026-09-29","TestOrderList","test_order_list","",""
"","5072","Нельзя авторизоваться без пароля","tests","2026-09-29","passed","2026-09-29","TestLoginCourier","test_login_courier","",""
"","70","Нельзя создать курьера без логина","tests","2026-09-29","passed","2026-09-29","TestCreateCourier","test_create_courier","",""
"","85","Создание заказа с разными вариантами цвета","tests","2026-09-29","passed","2026-09-29","TestCreateOrder","test_create_order","",""
"","184","Курьера можно создать","tests","2026-09-29","passed","2026-09-29","TestCreateCourier","test_create_courier","",""
"","94","Ошибка при неверном пароле","tests","2026-09-29","passed","2026-09-29","TestLoginCourier","test_login_courier","",""
"","88","Нельзя создать курьера без пароля","tests","2026-09-29","passed","2026-09-29","TestCreateCourier","test_create_courier","",""
"","68","Создание заказа с разными вариантами цвета","tests","2026-09-29","passed","2026-09-29","TestCreateOrder","test_create_order","",""
